City_ID,City,Cloudiness,Country,Date,Humidity,Latitude,Longitude,Max Temp.,Wind Speed
0,butaritari,56,KI,2018-11-20,100,3.07,172.79,82.28,6.2
1,tecoanapa,5,MX,2018-11-20,62,16.99,-99.26,87.8,4.7
2,khatanga,80,RU,2018-11-20,81,71.98,102.47,-1.83,9.33
3,muisne,20,EC,2018-11-20,63,0.61,-80.02,86.6,8.48
4,dikson,48,RU,2018-11-20,94,73.51,80.55,4.57,12.35
5,caravelas,76,BR,2018-11-20,98,-17.73,-39.27,80.12,12.46
6,nouadhibou,0,MR,2018-11-20,82,20.93,-17.03,68,12.75
7,new norfolk,90,AU,2018-11-20,93,-42.78,147.06,60.8,5.82
8,cherskiy,48,RU,2018-11-20,66,68.75,161.3,-22.26,2.17
9,punta arenas,90,CL,2018-11-20,87,-53.16,-70.91,44.6,8.05
10,ushuaia,75,AR,2018-11-20,57,-54.81,-68.31,50,14.99
11,albany,90,US,2018-11-20,88,42.65,-73.75,35.96,4.7
12,rikitea,76,PF,2018-11-20,100,-23.12,-134.97,72.65,9.71
13,faanui,0,PF,2018-11-20,98,-16.48,-151.75,82.6,10.6
14,kununurra,32,AU,2018-11-20,88,-15.77,128.74,80.6,6.93
15,dingle,64,PH,2018-11-20,91,11,122.67,76.57,15.03
16,esperance,40,TT,2018-11-20,88,10.24,-61.45,82.4,23.04
17,hilo,90,US,2018-11-20,84,19.71,-155.08,69.08,4.7
18,vaini,48,IN,2018-11-20,95,15.34,74.49,70.27,4.12
19,port moresby,20,PG,2018-11-20,96,-9.47,147.16,79.9,15.48
20,georgetown,90,GY,2018-11-20,88,6.8,-58.16,80.6,4.7
21,barkhan,0,PK,2018-11-20,84,29.9,69.52,43.45,2.66
22,srednekolymsk,56,RU,2018-11-20,75,67.46,153.71,-17.13,2.55
23,kapaa,90,US,2018-11-20,62,22.08,-159.32,77,18.34
24,chuy,0,UY,2018-11-20,63,-33.69,-53.46,79.45,10.6
25,lima,8,PE,2018-11-20,46,-12.06,-77.04,73.33,3.18
26,arraial do cabo,75,BR,2018-11-20,78,-22.97,-42.02,73.4,2.24
27,waipawa,32,NZ,2018-11-20,95,-39.94,176.59,44.48,4.12
28,avarua,40,CK,2018-11-20,73,-21.21,-159.78,77,8.05
29,hervey bay,0,AU,2018-11-20,100,-25.3,152.85,73.1,12.17
30,koster,32,ZA,2018-11-20,32,-25.86,26.9,77.78,8.43
31,busselton,20,AU,2018-11-20,100,-33.64,115.35,56.32,11.45
32,kikwit,92,CD,2018-11-20,97,-5.04,18.82,70.9,7.58
33,aklavik,90,CA,2018-11-20,92,68.22,-135.01,19.4,9.17
34,east london,75,ZA,2018-11-20,77,-33.02,27.91,68,16.11
35,karakol,88,KG,2018-11-20,100,42.49,78.39,12.89,2.55
36,saint george,75,GR,2018-11-20,87,39.45,22.34,57.2,4.7
37,jamestown,0,AU,2018-11-20,87,-33.21,138.6,46.28,7.81
38,cabo san lucas,75,MX,2018-11-20,44,22.89,-109.91,80.6,13.87
39,maragogi,92,BR,2018-11-20,81,-9.01,-35.22,79.94,10.71
40,la ronge,75,CA,2018-11-20,77,55.1,-105.3,5,9.17
41,vardo,75,US,2018-11-20,49,39.62,-77.74,48.2,24.16
42,nikolskoye,90,RU,2018-11-20,80,59.7,30.79,30.2,13.42
43,pisco,0,PE,2018-11-20,30,-13.71,-76.2,71.6,9.17
44,upernavik,0,GL,2018-11-20,71,72.79,-56.15,38.72,27.78
45,isiolo,8,KE,2018-11-20,82,0.35,37.58,69.05,2.77
46,longyearbyen,75,NO,2018-11-20,72,78.22,15.63,15.8,2.24
47,nanortalik,12,GL,2018-11-20,91,60.14,-45.24,31.03,20.4
48,bredasdorp,24,ZA,2018-11-20,82,-34.53,20.04,60.8,12.75
49,oranjemund,8,ZA,2018-11-20,91,-28.55,16.43,61.27,20.51
50,bethel,40,US,2018-11-20,95,60.79,-161.76,21.02,6.93
51,belaya gora,36,RU,2018-11-20,75,68.54,146.19,-17.08,3.29
52,skibbereen,75,IE,2018-11-20,80,51.55,-9.27,41,16.11
53,hobart,90,AU,2018-11-20,93,-42.88,147.33,60.8,5.82
54,holt,40,GB,2018-11-20,86,53.08,-2.88,41,8.05
55,coquimbo,20,CL,2018-11-20,68,-29.95,-71.34,64.4,16.11
56,mataura,56,NZ,2018-11-20,78,-46.19,168.86,46.19,10.67
57,carballo,75,ES,2018-11-20,81,43.21,-8.69,48.2,3.36
58,hasaki,20,JP,2018-11-20,100,35.73,140.83,39.2,1.12
59,novikovo,92,UA,2018-11-20,100,45.05,34.56,42.05,6.64
60,mpika,48,ZM,2018-11-20,80,-11.84,31.4,68.42,4.07
61,port elizabeth,90,US,2018-11-20,63,39.31,-74.98,51.08,11.41
62,vanimo,92,PG,2018-11-20,100,-2.67,141.3,78.59,11.83
63,akdepe,75,TM,2018-11-20,87,42.05,59.39,42.8,4.7
64,port blair,12,IN,2018-11-20,100,11.67,92.75,82.42,7.99
65,ahipara,92,NZ,2018-11-20,85,-35.17,173.16,57.71,17.49
66,nyurba,0,RU,2018-11-20,49,63.29,118.35,-30.13,3.29
67,creazzo,75,IT,2018-11-20,81,45.53,11.48,48.2,1.12
68,port lincoln,92,AU,2018-11-20,100,-34.72,135.86,54.07,26.78
69,clarence town,75,AU,2018-11-20,88,-32.59,151.78,68,5.82
70,champerico,40,MX,2018-11-20,61,16.38,-93.6,82.4,8.05
71,belmonte,76,PT,2018-11-20,97,40.36,-7.35,47.54,8.21
72,salalah,0,OM,2018-11-20,74,17.01,54.1,80.6,4.7
73,thompson,5,CA,2018-11-20,75,55.74,-97.86,-13.01,8.05
74,kodiak,1,US,2018-11-20,61,39.95,-94.76,35.06,5.82
75,aswan,0,EG,2018-11-20,19,24.09,32.9,78.8,5.82
76,severo-kurilsk,92,RU,2018-11-20,100,50.68,156.12,39.98,13.4
77,lavrentiya,92,RU,2018-11-20,100,65.58,-170.99,32.15,27.94
78,turayf,0,SA,2018-11-20,87,31.68,38.65,55.4,4.7
79,saskylakh,8,RU,2018-11-20,64,71.97,114.09,-22.03,20.18
80,pedernales,20,EC,2018-11-20,67,0.07,-80.05,86.06,8.14
81,pinyug,92,RU,2018-11-20,82,60.25,47.79,26.53,7.87
82,kupang,48,ID,2018-11-20,99,-10.16,123.6,80.03,6.42
83,kasongo,76,CD,2018-11-20,99,-4.43,26.67,70.49,1.61
84,marsh harbour,12,BS,2018-11-20,100,26.54,-77.06,80.12,5.35
85,lukovetskiy,40,RU,2018-11-20,64,64.29,41.92,35.6,13.42
86,nanzhang,80,CN,2018-11-20,95,31.78,111.84,44.48,2.66
87,tuktoyaktuk,90,CA,2018-11-20,85,69.44,-133.03,14,23.04
88,airai,76,TL,2018-11-20,92,-8.93,125.41,70.4,1.43
89,mar del plata,76,AR,2018-11-20,36,-46.43,-67.52,67.88,27.83
90,young,0,UY,2018-11-20,39,-32.7,-57.63,86.15,9.44
91,victoria,75,BN,2018-11-20,94,5.28,115.24,78.8,4.18
92,kaeo,64,NZ,2018-11-20,77,-35.1,173.78,52.22,11.16
93,luderitz,0,NA,2018-11-20,64,-26.65,15.16,64.28,28.5
94,maraa,80,BR,2018-11-20,96,-1.83,-65.37,79.72,7.14
95,adelaide,75,AU,2018-11-20,67,-34.93,138.6,57.2,8.05
96,fortuna,20,ES,2018-11-20,77,38.18,-1.13,59,5.82
97,rizhao,92,CN,2018-11-20,86,35.43,119.46,47.99,7.14
98,chalon-sur-saone,92,FR,2018-11-20,93,46.78,4.85,41,3.36
99,atuona,0,PF,2018-11-20,100,-9.8,-139.03,80.35,10.11
100,tarare,92,FR,2018-11-20,70,45.89,4.44,46.4,8.05
101,ixtapa,40,MX,2018-11-20,57,20.71,-105.21,80.6,4.7
102,hermanus,92,ZA,2018-11-20,98,-34.42,19.24,56.81,7.09
103,tuatapere,68,NZ,2018-11-20,100,-46.13,167.69,46.87,7.31
104,coahuayana,0,MX,2018-11-20,29,18.62,-100.35,83.9,3.06
105,tasiilaq,90,GL,2018-11-20,80,65.61,-37.64,39.2,35.57
106,torbay,90,CA,2018-11-20,100,47.66,-52.73,44.6,9.17
107,qaanaaq,0,GL,2018-11-20,100,77.48,-69.36,-3.99,9.33
108,paciran,12,ID,2018-11-20,96,-6.9,112.33,68.65,3.18
109,hofn,56,IS,2018-11-20,98,64.25,-15.21,42.95,2.89
110,vao,76,EE,2018-11-20,93,59.1,26.19,35.21,7.87
111,seoul,90,KR,2018-11-20,60,37.57,126.98,51.8,6.93
112,nome,1,US,2018-11-20,49,30.04,-94.42,60.98,10.29
113,sept-iles,75,CA,2018-11-20,51,50.2,-66.38,14,9.17
114,ribeira grande,40,PT,2018-11-20,54,38.52,-28.7,57.2,11.41
115,wingham,90,GB,2018-11-20,75,51.27,1.22,41,17.22
116,turochak,8,RU,2018-11-20,67,52.26,87.12,1.82,2.17
117,turukhansk,92,RU,2018-11-20,78,65.8,87.96,6.55,20.51
118,pakxe,44,LA,2018-11-20,92,15.12,105.78,74.72,2.55
119,kahului,40,US,2018-11-20,71,20.89,-156.47,77,13.87
120,nacala,0,MZ,2018-11-20,98,-14.56,40.69,79.13,6.31
121,westport,20,IE,2018-11-20,93,53.8,-9.52,37.4,8.05
122,codrington,0,AU,2018-11-20,72,-28.95,153.24,65.99,6.8
123,el bagre,8,CO,2018-11-20,77,7.6,-74.8,87.55,3.18
124,demba,44,CD,2018-11-20,88,-5.47,22.27,72.38,3.85
125,bambous virieux,40,MU,2018-11-20,78,-20.34,57.76,77,14.99
126,paita,0,PE,2018-11-20,290,-5.09,-81.11,62.6,18.34
127,somerset,90,US,2018-11-20,83,37.09,-84.6,42.08,6.93
128,chara,75,GR,2018-11-20,87,39.42,22.43,57.2,4.7
129,arman,90,RU,2018-11-20,92,59.7,150.17,26.6,6.71
130,hithadhoo,92,MV,2018-11-20,99,-0.6,73.08,83.81,9.89
131,baykit,88,RU,2018-11-20,71,61.68,96.39,-3.13,7.99
132,mehnagar,0,IN,2018-11-20,85,25.88,83.12,64.55,3.44
133,banda aceh,76,ID,2018-11-20,100,5.56,95.32,74.09,1.39
134,saint-philippe,90,CA,2018-11-20,90,45.36,-73.48,21.2,4.7
135,clyde river,90,CA,2018-11-20,91,70.47,-68.59,-2.21,40.26
136,camacha,40,PT,2018-11-20,88,33.08,-16.33,66.2,13.87
137,concordia,0,AR,2018-11-20,45,-31.4,-58.02,84.2,6.93
138,narsaq,75,GL,2018-11-20,73,60.91,-46.05,26.6,16.11
139,rio grande,0,BR,2018-11-20,53,-32.03,-52.1,77,13.87
140,luba,20,PH,2018-11-20,83,17.32,120.7,67.43,2.89
141,irara,24,TL,2018-11-20,100,-8.52,127.01,82.33,3.78
142,ponta do sol,92,BR,2018-11-20,100,-20.63,-46,66.71,2.28
143,abu samrah,8,SY,2018-11-20,61,35.3,37.18,54.52,7.47
144,gafanha da encarnacao,75,PT,2018-11-20,93,40.62,-8.73,55.4,2.24
145,port alfred,80,ZA,2018-11-20,89,-33.59,26.89,66.85,19.39
146,chokurdakh,44,RU,2018-11-20,69,70.62,147.9,-15.19,3.06
147,scottsbluff,1,US,2018-11-20,59,41.87,-103.67,39.92,9.17
148,tura,0,IN,2018-11-20,83,25.52,90.21,58.75,2.62
149,bluff,0,AU,2018-11-20,78,-23.58,149.07,68.78,9.44
150,kargil,64,PK,2018-11-20,82,34.56,76.13,2.63,1.1
151,cape town,40,ZA,2018-11-20,72,-33.93,18.42,62.6,20.8
152,leningradskiy,64,RU,2018-11-20,100,69.38,178.42,12.44,15.52
153,mahebourg,40,MU,2018-11-20,78,-20.41,57.7,77,14.99
154,jalu,80,LY,2018-11-20,20,29.03,21.55,70.49,9.37
155,cidreira,0,BR,2018-11-20,68,-30.17,-50.22,76.52,12.12
156,tiznit,56,MA,2018-11-20,95,29.7,-9.73,60.23,2.17
157,harper,1,US,2018-11-20,44,30.3,-99.24,56.48,8.05
158,mehamn,75,NO,2018-11-20,64,71.03,27.85,37.4,31.09
159,brownsville,90,US,2018-11-20,80,25.91,-97.49,57.02,11.41
160,badvel,36,IN,2018-11-20,94,14.74,79.07,69.55,2.66
161,belmont,5,US,2018-11-20,71,37.52,-122.28,57.2,3.36
162,port hardy,75,CA,2018-11-20,70,50.7,-127.42,48.2,6.93
163,san patricio,0,PY,2018-11-20,62,-26.98,-56.83,85.25,3.29
164,half moon bay,20,US,2018-11-20,64,37.46,-122.43,57.2,7.14
165,tabou,12,CI,2018-11-20,100,4.42,-7.36,81.88,9.33
166,jumilla,20,ES,2018-11-20,77,38.47,-1.33,59,5.82
167,prescott,40,US,2018-11-20,20,34.54,-112.47,46.04,3.36
168,porto velho,40,BR,2018-11-20,62,-8.75,-63.87,89.6,6.93
169,alofi,0,NU,2018-11-20,100,-19.06,-169.92,75.2,1.12
170,bimbo,20,CF,2018-11-20,78,4.33,18.53,82.4,5.35
171,ancud,100,CL,2018-11-20,89,-41.87,-73.83,54.88,13.24
172,hokitika,0,NZ,2018-11-20,100,-42.72,170.96,47.72,6.69
173,lompoc,1,US,2018-11-20,67,34.64,-120.46,68,4.7
174,lom sak,20,TH,2018-11-20,93,16.78,101.24,67.07,2.17
175,bhatkal,68,IN,2018-11-20,100,13.97,74.57,80.93,4.68
176,gorontalo,80,ID,2018-11-20,90,0.54,123.06,75.89,2.17
177,tilichiki,0,RU,2018-11-20,66,60.47,166.1,-14.88,6.2
178,grindavik,75,IS,2018-11-20,81,63.84,-22.43,46.4,19.46
179,camden,90,US,2018-11-20,65,39.94,-75.12,51.08,6.93
180,lebu,20,ET,2018-11-20,38,8.96,38.73,59,11.41
181,makakilo city,20,US,2018-11-20,68,21.35,-158.09,77,4.7
182,dubrovnik,75,HR,2018-11-20,93,42.65,18.09,55.4,9.17
183,nantucket,90,US,2018-11-20,96,41.28,-70.1,51.08,8.05
184,angoram,92,PG,2018-11-20,100,-4.06,144.07,73.6,0.76
185,fethiye,75,TR,2018-11-20,93,36.62,29.12,59,4.7
186,tokmak,88,UA,2018-11-20,94,47.26,35.7,31.07,12.39
187,saldanha,88,PT,2018-11-20,97,41.42,-6.55,46.6,8.59
188,tigil,0,RU,2018-11-20,60,57.8,158.67,4.7,3.56
189,alta floresta,76,BR,2018-11-20,70,-9.87,-56.08,82.6,3.18
190,samarai,88,PG,2018-11-20,100,-10.62,150.67,79.27,10.94
191,carnarvon,64,ZA,2018-11-20,50,-30.97,22.13,62.57,15.03
192,geraldton,90,CA,2018-11-20,77,49.72,-86.95,3.2,4.7
193,ginir,0,ET,2018-11-20,45,7.14,40.71,55.87,4.63
194,massaguet,0,TD,2018-11-20,25,12.48,15.44,84.2,6.93
195,avera,40,US,2018-11-20,60,33.19,-82.53,66.02,12.75
196,lorengau,44,PG,2018-11-20,100,-2.02,147.27,80.66,11.45
197,podgorodnyaya pokrovka,90,RU,2018-11-20,92,51.83,54.99,24.8,2.24
198,awbari,64,LY,2018-11-20,24,26.59,12.77,72.56,4.18
199,meulaboh,92,ID,2018-11-20,100,4.14,96.13,77.78,2.33
200,puerto ayora,75,EC,2018-11-20,54,-0.74,-90.35,82.4,20.8
201,katsuura,0,JP,2018-11-20,100,33.93,134.5,43.67,3.29
202,ostrovnoy,88,RU,2018-11-20,81,68.05,39.51,29.68,28.95
203,ivanteyevka,0,RU,2018-11-20,92,55.97,37.92,24.8,11.18
204,almenara,0,BR,2018-11-20,46,-16.17,-40.69,89.48,5.79
205,iqaluit,75,CA,2018-11-20,77,63.75,-68.52,1.4,10.29
206,kiyasovo,56,RU,2018-11-20,87,56.35,53.12,20,8.81
207,castro,92,CL,2018-11-20,96,-42.48,-73.76,53.48,11.61
208,ibb,0,YE,2018-11-20,80,13.97,44.18,50.6,2.1
209,adrar,0,DZ,2018-11-20,37,27.87,-0.29,68,4.7
210,yerbogachen,56,RU,2018-11-20,65,61.28,108.01,-14.79,5.97
211,barrow,0,AR,2018-11-20,40,-38.31,-60.23,88.27,7.92
212,svobodnyy,64,RU,2018-11-20,84,53.85,40.53,23.33,7.09
213,gat,0,SN,2018-11-20,32,14.69,-16.54,95,2.24
214,kawalu,88,ID,2018-11-20,99,-7.38,108.21,68.92,2.39
215,mexico,90,US,2018-11-20,86,44.56,-70.55,30.92,5.82
216,nakapiripirit,8,UG,2018-11-20,56,1.81,34.71,67.93,8.88
217,yellowknife,75,CA,2018-11-20,71,62.45,-114.38,3.2,18.34
218,campbell river,90,CA,2018-11-20,100,50.02,-125.24,42.8,2.62
219,saint anthony,1,US,2018-11-20,60,43.97,-111.68,33.98,4.18
220,nishihara,1,JP,2018-11-20,78,35.74,139.53,50,3.36
221,ishim,68,RU,2018-11-20,89,56.11,69.47,21.85,10.45
222,yar-sale,92,RU,2018-11-20,93,66.83,70.83,24.37,20.78
223,grand gaube,40,MU,2018-11-20,78,-20.01,57.66,77,14.99
224,poya,36,NC,2018-11-20,100,-21.35,165.16,71.17,6.87
225,mnogovershinnyy,0,RU,2018-11-20,65,53.94,139.92,5.69,7.14
226,mount gambier,0,AU,2018-11-20,91,-37.83,140.78,48.22,2.66
227,umm lajj,0,SA,2018-11-20,78,25.02,37.27,77.02,8.21
228,bangui,20,CF,2018-11-20,78,4.39,18.55,82.4,5.35
229,kropotkin,88,RU,2018-11-20,99,45.43,40.58,36.74,8.32
230,wanxian,24,CN,2018-11-20,91,30.8,108.39,35.08,1.43
231,bathsheba,20,BB,2018-11-20,62,13.22,-59.52,86,20.8
232,ryotsu,20,JP,2018-11-20,100,38.08,138.43,52.58,10.49
233,vostok,76,RU,2018-11-20,86,46.45,135.83,11.09,2.44
234,baffa,0,PK,2018-11-20,70,34.44,73.22,42.41,3.78
235,olot,0,UZ,2018-11-20,87,39.42,63.81,42.8,9.17
236,ocotal,80,NI,2018-11-20,80,13.63,-86.48,74.54,4.85
237,tiksi,0,RU,2018-11-20,51,71.64,128.87,-30.63,2.95
238,dubti,0,ET,2018-11-20,34,11.74,41.09,71.12,7.14
239,beloha,36,MG,2018-11-20,66,-25.17,45.06,77.87,3.62
240,ciro marina,40,IT,2018-11-20,88,39.37,17.13,64.4,19.46
241,shingu,0,JP,2018-11-20,100,33.72,135.99,54.65,7.2
242,te anau,8,NZ,2018-11-20,83,-45.41,167.72,32.65,2.33
243,yatou,75,CM,2018-11-20,94,3.63,9.81,80.6,2.24
244,vila franca do campo,40,PT,2018-11-20,62,37.72,-25.43,57.2,5.82
245,ayagoz,92,KZ,2018-11-20,69,47.96,80.43,8.3,4.9
246,miri,8,NG,2018-11-20,33,10.31,9.75,79.18,6.08
247,sinop,76,TR,2018-11-20,100,42.03,35.15,56.36,11.23
248,donskoye,75,RU,2018-11-20,93,45.45,41.98,42.8,8.95
249,gazanjyk,80,TM,2018-11-20,94,39.24,55.52,43.13,4.68
250,najran,40,SA,2018-11-20,40,17.54,44.22,73.4,4.7
251,krasnogorsk,0,RU,2018-11-20,92,55.82,37.34,24.8,11.18
252,muros,40,ES,2018-11-20,93,42.77,-9.06,44.6,3.36
253,kruisfontein,92,ZA,2018-11-20,100,-34,24.73,61.85,18.5
254,cayenne,0,GF,2018-11-20,62,4.94,-52.33,87.8,16.11
255,byron bay,32,AU,2018-11-20,73,-28.65,153.62,69.8,12.75
256,rettikhovka,0,RU,2018-11-20,74,44.17,132.77,15.86,10.33
257,soe,24,EE,2018-11-20,80,57.91,26.05,30.2,8.05
258,itarema,0,BR,2018-11-20,44,-2.92,-39.92,92.09,21.74
259,balad,76,ID,2018-11-20,100,-6.76,108.42,78.82,4.9
260,los llanos de aridane,40,ES,2018-11-20,73,28.66,-17.92,69.8,2.24
261,katherine,48,AU,2018-11-20,74,-14.47,132.26,80.6,4.7
262,naze,40,NG,2018-11-20,73,5.43,7.07,77,3.36
263,killybegs,0,IE,2018-11-20,100,54.63,-8.45,44.48,18.28
264,muyezerskiy,0,RU,2018-11-20,64,63.93,31.65,31.03,9.71
265,flinders,20,AU,2018-11-20,53,-34.58,150.85,73.4,8.05
266,morgan city,90,US,2018-11-20,90,29.7,-91.21,60.8,11.41
267,yulara,90,AU,2018-11-20,72,-25.24,130.99,62.6,8.05
268,mana,90,RS,2018-11-20,100,43.52,20.24,44.6,8.05
269,upington,0,ZA,2018-11-20,33,-28.46,21.24,75.2,6.93
270,mackay,75,CA,2018-11-20,80,53.65,-115.58,33.8,3.36
271,sechura,12,PE,2018-11-20,73,-5.56,-80.82,77.38,13.4
272,zeya,0,RU,2018-11-20,98,53.74,127.27,-23.43,3.4
273,biak,48,ID,2018-11-20,100,-0.91,122.88,77.96,2.39
274,coari,88,BR,2018-11-20,89,-4.09,-63.14,78.68,8.88
275,abu kamal,12,SY,2018-11-20,81,34.45,40.92,50.78,2.28
276,omsukchan,48,RU,2018-11-20,80,62.53,155.8,-20.23,2.44
277,namibe,64,AO,2018-11-20,100,-15.19,12.15,74.68,5.57
278,sao jose da coroa grande,92,BR,2018-11-20,81,-8.9,-35.15,79.94,10.71
279,hearst,68,CA,2018-11-20,60,49.69,-83.67,1.42,4.34
280,chitrakonda,44,IN,2018-11-20,90,18.12,82.08,65.63,2.62
281,mount darwin,0,ZW,2018-11-20,35,-16.77,31.58,79.49,8.93
282,mossendjo,68,CG,2018-11-20,89,-2.95,12.72,76.61,2.39
283,mayumba,92,GA,2018-11-20,100,-3.44,10.65,78.14,9.22
284,batagay-alyta,44,RU,2018-11-20,72,67.8,130.41,-18.16,2.95
285,calgary,75,CA,2018-11-20,23,51.05,-114.06,53.6,17.22
286,sao joao da barra,90,BR,2018-11-20,94,-21.64,-41.05,69.8,11.41
287,klaksvik,75,FO,2018-11-20,81,62.23,-6.59,42.8,10.29
288,puerto narino,75,CO,2018-11-20,83,-3.77,-70.38,82.4,5.82
289,sfantu gheorghe,90,RO,2018-11-20,93,44.65,26.83,35.6,14.99
290,comodoro rivadavia,40,AR,2018-11-20,27,-45.87,-67.48,73.4,21.92
291,hammerfest,75,NO,2018-11-20,69,70.66,23.68,35.6,35.57
292,matara,75,PE,2018-11-20,48,-13.74,-72.9,60.8,11.41
293,omboue,88,GA,2018-11-20,100,-1.57,9.26,80.75,10.71
294,sao miguel do araguaia,8,BR,2018-11-20,78,-13.28,-50.16,89.08,6.08
295,san miguel,0,AR,2018-11-20,39,-34.54,-58.72,86,10.29
296,sistranda,20,NO,2018-11-20,100,63.73,8.83,35.6,4.7
297,vila velha,20,BR,2018-11-20,52,-3.71,-38.6,87.8,19.46
298,thinadhoo,92,MV,2018-11-20,98,0.53,72.93,83.9,9.44
299,rio gallegos,90,AR,2018-11-20,54,-51.62,-69.22,53.6,11.41
300,karratha,0,AU,2018-11-20,62,-20.74,116.85,71.8,7.92
301,arlit,56,NE,2018-11-20,23,18.74,7.39,77.65,5.08
302,kanashevo,75,RU,2018-11-20,80,55.21,62.07,30.2,8.95
303,nemuro,0,JP,2018-11-20,100,43.32,145.57,40.52,19.89
304,arzgir,92,RU,2018-11-20,99,45.37,44.21,36.7,5.68
305,sao filipe,0,CV,2018-11-20,93,14.9,-24.5,77.6,9.93
306,pevek,0,RU,2018-11-20,100,69.7,170.27,-12.31,3.89
307,matadi,76,CD,2018-11-20,99,-5.83,13.46,75.44,3.62
308,takoradi,20,GH,2018-11-20,100,4.89,-1.75,81.52,8.88
309,kibi,68,GH,2018-11-20,93,6.17,-0.55,76.34,2.17
310,boende,80,CD,2018-11-20,91,-0.28,20.88,74.77,2.17
311,palana,0,RU,2018-11-20,79,59.08,159.95,18.07,3.67
312,de aar,24,ZA,2018-11-20,19,-30.65,24.01,70.63,10.6
313,toyooka,0,JP,2018-11-20,90,35.55,134.82,29.77,2.28
314,haines junction,92,CA,2018-11-20,85,60.75,-137.51,20.54,1.54
315,cooma,32,AU,2018-11-20,92,-36.24,149.13,57.67,5.91
316,pula,75,EC,2018-11-20,61,-1.95,-79.93,82.4,9.17
317,puerto quijarro,75,BO,2018-11-20,66,-19,-57.72,87.8,4.7
318,bilma,0,NE,2018-11-20,19,18.69,12.92,70.94,6.58
319,sitka,0,US,2018-11-20,45,37.17,-99.65,50.42,11.5
320,taoudenni,0,ML,2018-11-20,32,22.68,-3.98,71.3,5.79
321,gazojak,0,TM,2018-11-20,84,41.19,61.4,30.26,8.14
322,trairi,0,BR,2018-11-20,100,-3.28,-39.27,80.8,22.97
323,lasa,0,CY,2018-11-20,77,34.92,32.53,66.2,8.05
324,jalalpur jattan,20,PK,2018-11-20,55,32.64,74.21,62.6,3.4
325,jatibarang,68,ID,2018-11-20,97,-6.47,108.3,73.46,2.44
326,klyuchevskiy,24,RU,2018-11-20,65,53.53,119.45,-16,2.44
327,imeni stepana razina,76,RU,2018-11-20,82,54.89,44.3,23.87,5.3
328,ubauro,0,PK,2018-11-20,84,28.16,69.73,65.45,4.34
329,talaya,88,RU,2018-11-20,90,55.79,84.89,19.37,11.12
330,agdas,32,AZ,2018-11-20,85,40.65,47.48,37.15,4.12
331,tommot,64,RU,2018-11-20,61,58.97,126.27,-14.38,5.3
332,ferrol,75,ES,2018-11-20,81,43.48,-8.23,48.2,3.36
333,satipo,92,PE,2018-11-20,100,-11.26,-74.64,66.4,2.06
334,torrington,1,US,2018-11-20,56,42.06,-104.18,39.92,8.05
335,gamba,0,CN,2018-11-20,55,28.28,88.52,5.65,5.57
336,san cristobal,75,EC,2018-11-20,63,-0.39,-78.55,62.6,9.17
337,palm coast,90,US,2018-11-20,100,29.55,-81.22,69.98,4.7
338,touba,0,SN,2018-11-20,32,14.86,-15.88,95,2.24
339,kurumkan,20,RU,2018-11-20,67,54.33,110.32,-12.09,2.06
340,hovd,0,NO,2018-11-20,92,63.83,10.7,35.6,6.93
341,oud-beijerland,90,NL,2018-11-20,69,51.83,4.42,41,14.99
342,hamilton,40,CA,2018-11-20,68,43.26,-79.87,33.8,9.17
343,ko samui,76,TH,2018-11-20,100,9.54,99.94,80.39,17.27
344,margate,90,AU,2018-11-20,93,-43.03,147.26,60.8,5.82
345,saint-augustin,75,FR,2018-11-20,83,44.83,-0.61,35.6,3.36
346,plettenberg bay,92,ZA,2018-11-20,100,-34.05,23.37,60.82,20
347,pangai,92,TO,2018-11-20,100,-19.8,-174.35,75.35,7.36
348,dicabisagan,92,PH,2018-11-20,100,17.08,122.42,76.03,11.83
349,wanning,40,AT,2018-11-20,86,48.64,13.53,33.8,8.05
350,simpang,90,MY,2018-11-20,94,4.82,100.71,75.2,3.36
351,talnakh,92,RU,2018-11-20,85,69.49,88.39,8.35,25.14
352,muroto,0,JP,2018-11-20,100,33.37,134.14,44.75,6.8
353,norman wells,90,CA,2018-11-20,78,65.28,-126.83,17.6,21.92
354,salzhemmendorf,75,DE,2018-11-20,89,52.07,9.59,35.6,18.34
355,zdvinsk,92,RU,2018-11-20,96,54.7,78.67,20.27,11.01
356,ipixuna,75,BR,2018-11-20,79,-1.76,-48.8,84.2,17.22
357,guilin,90,CN,2018-11-20,100,25.28,110.29,53.6,2.24
358,carutapera,20,BR,2018-11-20,65,-1.2,-46.02,87.77,16.15
359,eyl,0,SO,2018-11-20,100,7.98,49.82,76.34,10.67
360,mount isa,40,AU,2018-11-20,57,-20.73,139.49,80.6,8.05
361,touros,0,BR,2018-11-20,64,-5.2,-35.46,86.33,15.93
362,shirokiy,32,RU,2018-11-20,83,53.87,39.17,20,6.91
363,meerbusch,90,DE,2018-11-20,65,51.27,6.68,41,10.29
364,bondo,0,CD,2018-11-20,55,3.81,23.69,81.56,2.84
365,reedley,1,US,2018-11-20,58,36.6,-119.45,55.94,4.7
366,zhuhai,0,CN,2018-11-20,34,40.71,112.04,19.4,6.71
367,zaoyang,92,CN,2018-11-20,89,32.12,112.76,46.55,5.86
368,anzio,40,IT,2018-11-20,93,41.45,12.63,60.8,5.82
369,esperanza,0,PH,2018-11-20,100,6.72,124.52,69.32,2.06
370,ruangwa,12,TZ,2018-11-20,65,-10.07,38.93,77.2,5.68
371,hailar,48,CN,2018-11-20,69,49.2,119.7,5.78,14.85
372,krechevitsy,88,RU,2018-11-20,93,58.62,31.4,30.35,6.08
373,santa maria,20,BR,2018-11-20,48,-29.69,-53.81,82.4,8.05
374,pilar,0,AR,2018-11-20,39,-34.46,-58.91,86,10.29
375,pumiao,90,CN,2018-11-20,88,22.75,108.49,62.6,4.47
376,vysokopillya,90,UA,2018-11-20,95,47.49,33.53,32,11.18
377,sorland,20,NO,2018-11-20,75,67.67,12.69,41,16.11
378,pechenga,80,RU,2018-11-20,88,58.89,41.46,25.94,14.74
379,punta cardon,8,VE,2018-11-20,59,11.61,-70.22,90.02,19.17
380,saint-pierre,75,FR,2018-11-20,100,48.95,4.24,35.6,11.41
381,vetluga,92,RU,2018-11-20,82,57.85,45.78,25.85,8.14
382,batemans bay,20,AU,2018-11-20,92,-35.71,150.18,64.55,6.08
383,la asuncion,75,EC,2018-11-20,42,-1.64,-78.74,68,11.41
384,griffith,92,AU,2018-11-20,78,-34.29,146.06,67.03,9.93
385,takaka,92,NZ,2018-11-20,100,-40.86,172.81,45.83,5.08
386,isangel,76,VU,2018-11-20,100,-19.55,169.27,75.71,6.98
387,usinsk,92,RU,2018-11-20,91,66,57.56,31.07,16.75
388,roebourne,0,AU,2018-11-20,62,-20.77,117.15,71.8,7.92
389,poplar bluff,90,US,2018-11-20,68,36.76,-90.39,41,6.93
390,waingapu,12,ID,2018-11-20,95,-9.65,120.26,72.11,4.18
391,nehe,12,CN,2018-11-20,73,48.48,124.88,0.43,6.98
392,diego de almagro,0,CL,2018-11-20,77,-26.39,-70.05,72.38,4.34
393,teguise,20,ES,2018-11-20,68,29.06,-13.56,69.8,10.29
394,bintulu,75,MY,2018-11-20,100,3.17,113.03,75.2,4.7
395,ulagan,32,RU,2018-11-20,73,50.63,87.96,-11.32,3.89
396,chihuahua,20,MX,2018-11-20,42,28.66,-106.08,60.8,4.68
397,lensk,48,RU,2018-11-20,100,60.71,114.91,-19.11,5.35
398,mingguang,92,CN,2018-11-20,100,32.78,118.01,53.21,5.79
399,husavik,44,CA,2018-11-20,93,50.56,-96.99,15.86,6.91
400,kifri,0,IQ,2018-11-20,75,34.69,44.96,48.35,5.68
401,lagoa,20,PT,2018-11-20,87,37.14,-8.45,60.8,14.99
402,kilindoni,92,TZ,2018-11-20,100,-7.91,39.67,80.35,11.39
403,itzehoe,75,DE,2018-11-20,69,53.92,9.52,41,23.04
404,biga,75,TR,2018-11-20,100,40.23,27.24,55.4,11.41
405,goderich,68,CA,2018-11-20,94,43.74,-81.71,30.71,14.14
406,tongchuan,92,CN,2018-11-20,80,34.9,108.95,41,2.24
407,san fernando,0,CL,2018-11-20,30,-34.58,-70.99,84.2,6.93
408,stephenville,1,US,2018-11-20,39,32.22,-98.2,56.48,5.82
409,sur,0,OM,2018-11-20,100,22.57,59.53,77.65,8.21
410,douglas,1,US,2018-11-20,17,31.34,-109.55,64.94,9.17
411,basco,20,US,2018-11-20,91,40.33,-91.2,33.8,12.75
412,moranbah,0,AU,2018-11-20,82,-22,148.04,68.15,8.48
413,ketou,32,BJ,2018-11-20,64,7.36,2.6,86.65,3.29
414,barstow,1,US,2018-11-20,51,31.46,-103.39,53.96,9.17
415,pauini,76,BR,2018-11-20,87,-7.71,-67,81.88,3.78
416,auki,0,NG,2018-11-20,33,12.18,6.51,81.07,5.3
417,luz,92,BR,2018-11-20,97,-19.79,-45.68,71.12,6.58
418,gornopravdinsk,88,RU,2018-11-20,80,60.06,69.92,16.94,9.93
419,koshurnikovo,80,RU,2018-11-20,84,54.3,93.39,13.7,4.45
420,provideniya,92,RU,2018-11-20,100,64.42,-173.23,29.81,21.97
421,dzerzhinsk,90,RU,2018-11-20,92,56.24,43.46,24.8,8.95
422,panorama,8,BR,2018-11-20,59,-21.35,-51.86,87.37,6.69
423,khash,8,IR,2018-11-20,51,28.22,61.21,58.25,8.99
424,bubaque,0,GW,2018-11-20,58,11.28,-15.83,87.8,5.82
425,tevaitoa,56,PF,2018-11-20,99,-16.78,-151.5,81.52,8.81
426,esil,32,KZ,2018-11-20,85,51.96,66.41,18.02,6.13
427,neuquen,0,AR,2018-11-20,18,-38.95,-68.06,87.8,3.36
428,wajima,0,JP,2018-11-20,100,37.4,136.9,42.32,6.42
429,barra do garcas,75,BR,2018-11-20,52,-15.89,-52.26,91.4,2.24
430,aykhal,0,RU,2018-11-20,0,65.95,111.51,-39.76,3.62
431,mokhsogollokh,64,RU,2018-11-20,58,61.4,128.95,-12.67,5.79
432,bjornevatn,75,NO,2018-11-20,69,69.67,29.98,33.8,21.92
433,college,90,US,2018-11-20,96,64.86,-147.8,17.96,4.56
434,kuching,75,MY,2018-11-20,94,1.56,110.34,77,2.24
435,puerto escondido,5,MX,2018-11-20,70,15.86,-97.07,86,8.05
436,bose,75,IT,2018-11-20,93,45.46,8.01,42.8,1.12
437,koutsouras,76,GR,2018-11-20,100,35.03,25.95,72.2,12.24
438,bonavista,92,CA,2018-11-20,95,48.65,-53.11,40.07,4.41
439,estancia,1,US,2018-11-20,35,34.76,-106.06,44.78,4.12
440,dudinka,92,RU,2018-11-20,82,69.41,86.18,17.3,21.68
441,ugoofaaru,80,MV,2018-11-20,99,5.67,73,84.26,6.2
442,pilibanga,0,IN,2018-11-20,85,29.49,74.08,59.92,2.84
443,nove mesto na morave,90,CZ,2018-11-20,88,49.56,16.07,35.6,10.29
444,minab,20,IR,2018-11-20,74,27.15,57.07,78.8,11.41
445,udachnyy,0,RU,2018-11-20,0,66.42,112.4,-42.24,2.77
446,ewa beach,20,US,2018-11-20,68,21.32,-158.01,77,4.7
447,kitimat,90,CA,2018-11-20,93,54.02,-128.69,37.4,2.24
448,beachwood,90,US,2018-11-20,87,41.46,-81.51,35.96,8.05
449,moundsville,90,US,2018-11-20,81,39.92,-80.74,33.98,13.87
450,havre,1,US,2018-11-20,49,48.55,-109.68,46.94,21.92
451,saint-joseph,90,FR,2018-11-20,76,43.56,6.97,55.4,4.7
452,kudahuvadhoo,12,MV,2018-11-20,98,2.67,72.89,84.71,6.08
453,tromso,90,NO,2018-11-20,100,69.65,18.96,35.6,5.82
454,ferme-neuve,88,CA,2018-11-20,86,46.7,-75.45,17.35,4.34
455,hobyo,0,SO,2018-11-20,88,5.35,48.53,76.16,10.16
456,nizhniy tsasuchey,20,RU,2018-11-20,54,50.52,115.13,2.45,9.82
457,the valley,40,AI,2018-11-20,88,18.22,-63.06,80.6,18.34
458,beyneu,80,KZ,2018-11-20,94,45.32,55.19,27.65,7.09
459,liwale,92,TZ,2018-11-20,68,-9.8,37.92,77.87,7.14
460,dagumba-an,0,PH,2018-11-20,100,8.15,124.59,64.33,2.77
461,waiouru,8,NZ,2018-11-20,81,-39.48,175.67,31.93,2.55
462,abeche,12,TD,2018-11-20,16,13.83,20.83,75.44,10.11
463,general roca,0,AR,2018-11-20,18,-39.03,-67.58,87.8,3.36
464,gundlupet,68,IN,2018-11-20,79,11.81,76.69,71.12,4.56
465,palmeira,12,BR,2018-11-20,65,-25.43,-50,75.62,7.14
466,eatonton,75,US,2018-11-20,63,33.33,-83.39,62.6,12.75
467,calamar,56,CO,2018-11-20,77,1.96,-72.65,87.32,3.62
468,khani,90,GE,2018-11-20,100,41.96,42.96,50,2.24
469,boundiali,44,CI,2018-11-20,47,9.53,-6.48,83.72,3.85
470,miranda,40,CO,2018-11-20,55,3.25,-76.23,86,5.82
471,erzin,75,TR,2018-11-20,82,36.95,36.2,55.4,4.7
472,doha,0,QA,2018-11-20,73,25.29,51.53,73.4,9.17
473,khonsa,44,IN,2018-11-20,88,26.99,95.51,54.88,1.77
474,souillac,24,FR,2018-11-20,81,45.6,-0.6,32,1.12
475,deogarh,8,IN,2018-11-20,84,21.53,84.72,63.43,2.17
476,newport,90,GB,2018-11-20,100,51.59,-3,41,16.11
477,santa lucia,40,IT,2018-11-20,41,39.93,9.66,57.2,10.29
478,sergeyevka,76,KZ,2018-11-20,93,53.88,67.42,24.68,7.43
479,sokolka,68,RU,2018-11-20,93,52.46,43.89,25.49,6.58
480,buala,48,SB,2018-11-20,100,-8.15,159.59,77.78,3.06
481,tabuk,36,PH,2018-11-20,96,17.41,121.44,65.18,0.43
482,ossora,44,RU,2018-11-20,100,59.24,163.07,13.75,6.58
483,el carmen,75,AR,2018-11-20,57,-24.39,-65.26,78.8,4.7
484,san carlos de bariloche,40,AR,2018-11-20,39,-41.13,-71.31,62.6,27.51
485,aranos,8,NA,2018-11-20,11,-24.14,19.11,84.53,10.11
486,havoysund,40,NO,2018-11-20,64,71,24.66,37.4,23.04
487,angoche,8,MZ,2018-11-20,100,-16.23,39.91,80.17,8.59
488,yizheng,0,CN,2018-11-20,57,24.67,103.43,56.81,8.99
489,borba,0,PT,2018-11-20,87,38.81,-7.46,55.4,10.29
490,mineros,75,BO,2018-11-20,61,-17.12,-63.23,82.4,2.24
491,olutanga,100,PH,2018-11-20,100,7.31,122.85,79.04,10.89
492,guerrero negro,68,MX,2018-11-20,94,27.97,-114.04,61.4,4.45
493,itoman,75,JP,2018-11-20,60,26.12,127.67,73.4,9.17
494,alice springs,75,AU,2018-11-20,100,-23.7,133.88,62.6,8.05
495,faya,40,SA,2018-11-20,82,18.39,42.45,64.4,6.93
496,astana,75,KZ,2018-11-20,100,51.13,71.43,21.2,6.71
497,riom,90,FR,2018-11-20,92,45.89,3.11,39.2,5.82
498,sinnamary,56,GF,2018-11-20,98,5.38,-52.96,80.98,8.7
499,luganville,0,VU,2018-11-20,100,-15.51,167.18,78.32,11.01
500,cedartown,40,US,2018-11-20,53,34.01,-85.26,55.04,11.41
501,adre,24,TD,2018-11-20,18,13.47,22.2,74.45,10.71
502,fare,56,PF,2018-11-20,99,-16.7,-151.02,81.52,8.81
503,dawlatabad,88,AF,2018-11-20,97,36.41,64.91,44.03,9.66
504,sainte-marie,90,CA,2018-11-20,79,46.45,-71.03,21.2,18.34
505,mounana,40,GA,2018-11-20,94,-1.38,13.16,73.4,4.7
506,sheridan,1,US,2018-11-20,20,39.65,-105.03,55.4,3.36
507,athabasca,12,CA,2018-11-20,75,54.72,-113.29,32.47,7.81
508,inverell,80,AU,2018-11-20,77,-29.78,151.11,65.05,12.35
509,kavaratti,48,IN,2018-11-20,100,10.57,72.64,81.47,8.43
510,sanchazi,40,CN,2018-11-20,87,30.43,103.62,50,5.12
511,novopokrovka,68,RU,2018-11-20,85,45.85,134.51,13.7,4.41
512,olga,1,US,2018-11-20,26,34.11,-118.17,66.92,3.36
513,radnevo,92,BG,2018-11-20,99,42.29,25.93,40.25,3.18
514,bad langensalza,75,DE,2018-11-20,93,51.11,10.65,32,9.17
515,candolim,48,IN,2018-11-20,100,15.52,73.76,76.7,3.33
516,sana,12,CF,2018-11-20,47,4.87,22.71,80.48,3.89
517,arica,0,CL,2018-11-20,60,-18.48,-70.32,75.2,16.11
518,berdigestyakh,76,RU,2018-11-20,57,62.1,126.7,-12.09,8.59
519,ilulissat,40,GL,2018-11-20,36,69.22,-51.1,46.4,23.04
520,poum,90,MK,2018-11-20,93,41.28,20.71,48.2,3.36
521,sonqor,0,IR,2018-11-20,61,34.78,47.6,50,11.41
522,okhotsk,80,RU,2018-11-20,100,59.36,143.24,15.23,8.81
523,caruaru,80,BR,2018-11-20,61,-8.28,-35.97,80.12,11.23
524,san andres,48,PH,2018-11-20,100,13.32,122.68,79.94,29.17
525,mihaileni,90,RO,2018-11-20,92,47.97,26.15,30.2,6.71
526,berlevag,75,NO,2018-11-20,99,70.86,29.09,35.6,34.45
527,sangar,32,RU,2018-11-20,56,63.92,127.47,-19.74,4.18
528,goulburn,12,AU,2018-11-20,94,-34.75,149.72,59.87,3.67
529,san-pedro,12,CI,2018-11-20,79,4.75,-6.64,82.15,8.93
530,kaitangata,76,NZ,2018-11-20,86,-46.28,169.85,48.26,8.48
531,tocache,92,PE,2018-11-20,94,-8.19,-76.51,64.42,2.55
532,mareeba,40,AU,2018-11-20,83,-16.99,145.42,75.2,4.7
533,karasjok,75,NO,2018-11-20,74,69.47,25.52,35.6,38.03
534,wairoa,80,NZ,2018-11-20,100,-39.04,177.43,50.06,4.12
535,aldan,48,RU,2018-11-20,60,58.61,125.39,-13.89,4.63
536,nizhneangarsk,8,RU,2018-11-20,100,55.78,109.57,-15.37,3.4
537,sabak,90,MY,2018-11-20,94,3.77,100.99,75.2,3.36
538,manchar,8,IN,2018-11-20,94,19,73.94,65.77,2.44
539,san policarpo,92,PH,2018-11-20,100,12.18,125.51,77.51,18.21
540,inhambane,75,MZ,2018-11-20,83,-23.87,35.38,78.8,11.41
541,preston,75,GB,2018-11-20,81,53.76,-2.71,42.8,14.99
542,san jose,8,PH,2018-11-20,84,15.79,120.99,71.39,3.67
543,hendek,75,TR,2018-11-20,100,40.8,30.75,53.6,5.82
544,kinna,0,SE,2018-11-20,80,57.51,12.69,33.8,11.41
545,agua verde,75,MX,2018-11-20,45,22.89,-105.97,84.2,3.36
546,ende,56,ID,2018-11-20,100,-8.84,121.65,83.18,12.17
547,haag,40,AT,2018-11-20,86,48.11,14.56,33.8,8.05